{"loss": [1.9388617277145386, 0.6374675631523132, 0.5041438937187195, 0.45624789595603943, 0.4281928539276123, 0.40767350792884827, 0.3911247253417969, 0.37475231289863586, 0.3627862334251404, 0.3464719355106354, 0.341234415769577, 0.3337641954421997, 0.3280223608016968, 0.3237379193305969, 0.3171374201774597, 0.3069766163825989, 0.3043058514595032, 0.3012188971042633, 0.30000177025794983, 0.29534468054771423, 0.29353755712509155, 0.28629592061042786, 0.2763400077819824, 0.2745336890220642, 0.2800574004650116, 0.27027538418769836, 0.26483339071273804, 0.2649916410446167, 0.26133936643600464, 0.2687240242958069, 0.2588179111480713, 0.2546868622303009, 0.2518448829650879, 0.24982677400112152, 0.2443426549434662, 0.24418433010578156, 0.240189328789711, 0.23839768767356873, 0.23725055158138275, 0.2320239394903183, 0.2299785315990448, 0.23339147865772247, 0.2298244833946228, 0.22581256926059723, 0.22128769755363464, 0.21908800303936005, 0.22010283172130585, 0.21922126412391663, 0.2162991762161255, 0.2095288783311844, 0.21173295378684998, 0.2074141651391983, 0.20540273189544678, 0.20805254578590393], "val_loss": [0.6635988354682922, 0.5463087558746338, 0.47976869344711304, 0.44545912742614746, 0.42179152369499207, 0.40700197219848633, 0.3924477696418762, 0.3842373192310333, 0.37501147389411926, 0.3613831400871277, 0.3528161644935608, 0.35254567861557007, 0.35686105489730835, 0.34415295720100403, 0.3407132625579834, 0.34072086215019226, 0.32811862230300903, 0.383355975151062, 0.34034761786460876, 0.33836352825164795, 0.3210281729698181, 0.3255399465560913, 0.3202342391014099, 0.31286904215812683, 0.3134957551956177, 0.3097578287124634, 0.31150156259536743, 0.31054893136024475, 0.31733646988868713, 0.3133659362792969, 0.31173834204673767, 0.307670533657074, 0.30737951397895813, 0.3026781380176544, 0.3045928180217743, 0.3022651672363281, 0.3152126967906952, 0.30482205748558044, 0.3105238974094391, 0.29568254947662354, 0.2948411703109741, 0.3087863028049469, 0.31647786498069763, 0.29208701848983765, 0.30479696393013, 0.29826489090919495, 0.32413432002067566, 0.29374605417251587, 0.2998765707015991, 0.30151650309562683, 0.30853354930877686, 0.3030399978160858, 0.30443838238716125, 0.30359840393066406]}