{"loss": [0.8908213376998901, 0.52644282579422, 0.4672897756099701, 0.4288772940635681, 0.41367456316947937, 0.4011250436306, 0.3911258578300476, 0.3842436671257019, 0.38156357407569885, 0.3715636134147644, 0.3687558174133301, 0.36121895909309387, 0.356161892414093, 0.352761834859848, 0.3481754958629608, 0.34572523832321167, 0.34060898423194885, 0.3414638638496399, 0.33519020676612854, 0.3314124643802643, 0.335166871547699, 0.3269382119178772, 0.3240624666213989, 0.32293057441711426, 0.32180431485176086, 0.3196600675582886, 0.3175869584083557, 0.3159865140914917, 0.316351979970932, 0.3120293617248535, 0.31115901470184326, 0.30800822377204895, 0.306596040725708, 0.30408918857574463, 0.30673980712890625, 0.30393186211586, 0.3020525276660919, 0.30182844400405884, 0.29918766021728516, 0.30412161350250244, 0.3054884970188141, 0.3018827736377716, 0.29833877086639404, 0.29397764801979065, 0.29290658235549927, 0.2931772470474243, 0.29020974040031433, 0.2914941906929016, 0.2909460961818695, 0.2887536883354187, 0.2893392741680145, 0.2878132164478302, 0.28541475534439087, 0.2870512306690216, 0.28729861974716187, 0.2863143980503082, 0.28468021750450134, 0.2856924831867218, 0.28349506855010986, 0.28164973855018616, 0.28240320086479187, 0.2819623649120331, 0.28250962495803833, 0.2793586850166321, 0.28058603405952454, 0.2800932824611664, 0.27949172258377075, 0.27774375677108765, 0.27951112389564514, 0.2780279219150543, 0.2783975601196289, 0.276550829410553, 0.27589985728263855, 0.2745547294616699, 0.2752860486507416, 0.27470073103904724, 0.27470242977142334, 0.27520087361335754, 0.2748756408691406, 0.27590879797935486, 0.2750345468521118], "val_loss": [0.53821861743927, 0.4792868196964264, 0.4472520351409912, 0.4399533271789551, 0.41082581877708435, 0.40487784147262573, 0.39631906151771545, 0.38935303688049316, 0.38009122014045715, 0.39190903306007385, 0.37022972106933594, 0.37376490235328674, 0.38685813546180725, 0.37048059701919556, 0.3709923028945923, 0.35980385541915894, 0.36085987091064453, 0.3461177945137024, 0.3478458523750305, 0.33663293719291687, 0.3539099097251892, 0.34213986992836, 0.3300589323043823, 0.33272451162338257, 0.34457358717918396, 0.34193649888038635, 0.3325623571872711, 0.3483557403087616, 0.32719340920448303, 0.3213289678096771, 0.3271121382713318, 0.3285740613937378, 0.3156246244907379, 0.4017157256603241, 0.36043503880500793, 0.36825430393218994, 0.344428688287735, 0.32035312056541443, 0.34357115626335144, 0.3094724118709564, 0.31969690322875977, 0.30708596110343933, 0.3219118118286133, 0.3344859778881073, 0.30885499715805054, 0.308032363653183, 0.3073393404483795, 0.30311471223831177, 0.31602829694747925, 0.30313926935195923, 0.3021509051322937, 0.30410048365592957, 0.3042595088481903, 0.3079982101917267, 0.30552685260772705, 0.2994067370891571, 0.3677648603916168, 0.30293020606040955, 0.2957453429698944, 0.29694288969039917, 0.3364347219467163, 0.31403714418411255, 0.29940709471702576, 0.3079553246498108, 0.30050668120384216, 0.2968200445175171, 0.2955128848552704, 0.2977367341518402, 0.3077967166900635, 0.2996234893798828, 0.2941102683544159, 0.2992551922798157, 0.30215150117874146, 0.30067721009254456, 0.2972315549850464, 0.30216068029403687, 0.29438987374305725, 0.3055013120174408, 0.3033532500267029, 0.3173249363899231, 0.29484567046165466]}