{"loss": [0.9030487537384033, 0.4330981373786926, 0.39331990480422974, 0.36821630597114563, 0.3563333749771118, 0.35932236909866333, 0.3371712863445282, 0.3285912275314331, 0.3243463635444641, 0.3257226049900055, 0.31619974970817566, 0.3013584315776825, 0.2977175712585449, 0.29969510436058044, 0.29748788475990295, 0.289899617433548, 0.28453731536865234, 0.28785160183906555, 0.28411585092544556, 0.28397414088249207, 0.27848702669143677, 0.2752923369407654, 0.2759920656681061, 0.2775137424468994, 0.27336955070495605, 0.27273058891296387, 0.26685893535614014, 0.26717355847358704, 0.26450684666633606, 0.2625751793384552, 0.2630916237831116, 0.26204434037208557, 0.26206645369529724, 0.2583320140838623, 0.25523868203163147, 0.2579534649848938, 0.25294700264930725], "val_loss": [0.4724852740764618, 0.4420233964920044, 0.3826198875904083, 0.36336657404899597, 0.3954627513885498, 0.3593837022781372, 0.33696693181991577, 0.3391335904598236, 0.3378885090351105, 0.31502968072891235, 0.31863436102867126, 0.3140702247619629, 0.3013646900653839, 0.3038991093635559, 0.3023037910461426, 0.30804508924484253, 0.2978321611881256, 0.2958969473838806, 0.3125888407230377, 0.3045480251312256, 0.29753202199935913, 0.2976014018058777, 0.3018735647201538, 0.3140644133090973, 0.2965033948421478, 0.29264557361602783, 0.2868867516517639, 0.29367414116859436, 0.2930929362773895, 0.2955808937549591, 0.29123422503471375, 0.2965790629386902, 0.29165804386138916, 0.29102402925491333, 0.3082578182220459, 0.3002784550189972, 0.30081242322921753]}