{"loss": [0.8105005621910095, 0.5015036463737488, 0.46331360936164856, 0.4491457939147949, 0.4249582588672638, 0.4131077527999878, 0.40325698256492615, 0.396193265914917, 0.389371782541275, 0.3868713080883026, 0.38327640295028687, 0.38284313678741455, 0.3734264373779297, 0.36178600788116455, 0.35899704694747925, 0.35490089654922485, 0.34887537360191345, 0.34928470849990845, 0.344270795583725, 0.34256041049957275, 0.33763784170150757, 0.3338996469974518, 0.3324602246284485, 0.3318009078502655, 0.33004385232925415, 0.32553136348724365, 0.3283894956111908, 0.3446134924888611, 0.33222097158432007, 0.32055187225341797, 0.3202315866947174, 0.31503573060035706, 0.31679946184158325, 0.31119275093078613, 0.3115685284137726, 0.3091461658477783, 0.3077508211135864, 0.30766600370407104, 0.30537283420562744, 0.3056316673755646, 0.3041685223579407, 0.3020840287208557, 0.30036458373069763, 0.3022623062133789, 0.2993587851524353, 0.29990097880363464, 0.2989656627178192, 0.29847434163093567, 0.2960730791091919, 0.2969142496585846, 0.2939360439777374, 0.2970495820045471, 0.2920006215572357, 0.29468709230422974, 0.2916467785835266, 0.2945701479911804, 0.2912726104259491, 0.29103660583496094, 0.28918057680130005, 0.2871781289577484, 0.28828999400138855, 0.2867756187915802, 0.2864622473716736, 0.29126375913619995, 0.2837996184825897, 0.2883441746234894, 0.2859969735145569, 0.28553786873817444, 0.2875204384326935, 0.28390172123908997, 0.2840501368045807, 0.28242191672325134, 0.28083133697509766, 0.2805060148239136, 0.2800633907318115, 0.28070804476737976, 0.2787265181541443, 0.2798701226711273, 0.28099220991134644, 0.2785474359989166, 0.2789042294025421, 0.276127427816391, 0.2780384123325348, 0.2787574827671051, 0.2750778794288635, 0.275258868932724, 0.27772843837738037, 0.27479788661003113, 0.2734047472476959, 0.27287009358406067, 0.27313071489334106], "val_loss": [0.5400846600532532, 0.47837966680526733, 0.45141342282295227, 0.43562471866607666, 0.4230402708053589, 0.41819101572036743, 0.4048532545566559, 0.39760342240333557, 0.3966018855571747, 0.389411985874176, 0.39285731315612793, 0.3789224922657013, 0.3837743103504181, 0.37755700945854187, 0.36674821376800537, 0.3607417047023773, 0.373312771320343, 0.35996389389038086, 0.38315528631210327, 0.34856298565864563, 0.346744179725647, 0.3451997935771942, 0.35155919194221497, 0.36059823632240295, 0.3408365249633789, 0.3414512872695923, 0.3418518006801605, 0.3473343849182129, 0.36593863368034363, 0.32675057649612427, 0.331136018037796, 0.33836862444877625, 0.3223743140697479, 0.326622873544693, 0.32278379797935486, 0.33542683720588684, 0.33054694533348083, 0.31974881887435913, 0.3215440511703491, 0.31480464339256287, 0.34499046206474304, 0.3205713629722595, 0.30896058678627014, 0.3138083517551422, 0.3074069619178772, 0.31039300560951233, 0.3106509745121002, 0.3066002130508423, 0.3130846321582794, 0.3316211700439453, 0.335777223110199, 0.3106648921966553, 0.30563417077064514, 0.3169431686401367, 0.3083783984184265, 0.30249831080436707, 0.3036547005176544, 0.3120378255844116, 0.32083961367607117, 0.307880699634552, 0.2998589873313904, 0.3151891529560089, 0.41916847229003906, 0.3082939684391022, 0.3017233610153198, 0.30552157759666443, 0.3051384687423706, 0.31944334506988525, 0.29977214336395264, 0.2998926341533661, 0.30036264657974243, 0.30061203241348267, 0.2958333492279053, 0.29858365654945374, 0.31710538268089294, 0.36657702922821045, 0.30831965804100037, 0.3042018413543701, 0.297999769449234, 0.30010175704956055, 0.2934052646160126, 0.3077579438686371, 0.31638073921203613, 0.30022576451301575, 0.30724743008613586, 0.32100874185562134, 0.2942868173122406, 0.30324724316596985, 0.301342248916626, 0.3048572242259979, 0.30434057116508484]}