{"loss": [1.384472131729126, 0.4818204343318939, 0.4167642593383789, 0.3949321210384369, 0.37594887614250183, 0.3676641881465912, 0.36052563786506653, 0.34706059098243713, 0.34459659457206726, 0.3356178104877472, 0.3298134505748749, 0.32581567764282227, 0.32312658429145813, 0.3238973021507263, 0.3219974935054779, 0.3144170641899109, 0.3145034611225128, 0.30977463722229004, 0.3039575517177582, 0.3081437647342682, 0.30219388008117676, 0.3004710376262665, 0.29986292123794556, 0.29786115884780884, 0.2957330048084259, 0.29012200236320496, 0.28984177112579346, 0.2885896563529968, 0.2870233356952667, 0.2956432104110718, 0.2869887053966522, 0.28173089027404785, 0.28981533646583557, 0.28236833214759827, 0.2808597683906555, 0.2769291400909424, 0.27958786487579346, 0.27589964866638184, 0.2730984389781952, 0.272769033908844, 0.26925501227378845, 0.2695956826210022, 0.2727774977684021, 0.2651654779911041, 0.272259920835495, 0.2672973871231079, 0.26110944151878357, 0.26337045431137085, 0.2592565715312958, 0.26370200514793396, 0.25855153799057007, 0.2575578987598419, 0.2588582932949066, 0.27382346987724304, 0.25441819429397583, 0.26508763432502747, 0.2621573507785797, 0.25419479608535767, 0.25688791275024414], "val_loss": [0.5443239212036133, 0.42032715678215027, 0.3938484787940979, 0.37432095408439636, 0.3626644015312195, 0.3786829710006714, 0.36071765422821045, 0.35370564460754395, 0.3586421310901642, 0.3584493100643158, 0.3346548080444336, 0.33123812079429626, 0.3641347885131836, 0.3589535355567932, 0.31717240810394287, 0.3274145722389221, 0.32137563824653625, 0.33290377259254456, 0.3481898307800293, 0.33557188510894775, 0.3075220584869385, 0.32171961665153503, 0.30757755041122437, 0.3030608892440796, 0.30676737427711487, 0.301559180021286, 0.3001713156700134, 0.3110908269882202, 0.29517465829849243, 0.2990184426307678, 0.31138989329338074, 0.3197925388813019, 0.2985731363296509, 0.2914557456970215, 0.3436337113380432, 0.34580448269844055, 0.28806740045547485, 0.29566627740859985, 0.2901683747768402, 0.28888851404190063, 0.3158924877643585, 0.2866613566875458, 0.28454574942588806, 0.2913801074028015, 0.3017783463001251, 0.29004499316215515, 0.29835933446884155, 0.29180458188056946, 0.2822578251361847, 0.28689542412757874, 0.30654460191726685, 0.3025393486022949, 0.30217432975769043, 0.28292116522789, 0.2867485582828522, 0.2983589768409729, 0.31750011444091797, 0.29719457030296326, 0.3111349642276764]}