{"loss": [0.8609299063682556, 0.4707978665828705, 0.41629213094711304, 0.3950853645801544, 0.3883812427520752, 0.3755444288253784, 0.36397281289100647, 0.3556113541126251, 0.3552553355693817, 0.3455556333065033, 0.3384399712085724, 0.3277550935745239, 0.3288950026035309, 0.3216564655303955, 0.3224351704120636, 0.3188413977622986, 0.316175639629364, 0.31072530150413513, 0.31143322587013245, 0.3030036389827728, 0.304235577583313, 0.29770198464393616, 0.2978578209877014, 0.2959144413471222, 0.29685458540916443, 0.2940731644630432, 0.2895335853099823, 0.29078781604766846, 0.28817057609558105, 0.28814730048179626, 0.2800934612751007, 0.28379154205322266, 0.28188058733940125, 0.28333115577697754, 0.27701741456985474, 0.2771655321121216, 0.2767084538936615, 0.27642589807510376, 0.2760378122329712, 0.27265506982803345, 0.2716964781284332, 0.2736068069934845, 0.2692300081253052, 0.2676759362220764, 0.2710348963737488, 0.26641517877578735, 0.2650260031223297, 0.26552632451057434, 0.265336811542511, 0.26039478182792664, 0.2612505853176117, 0.2613786458969116, 0.2607613801956177, 0.26000604033470154, 0.25934556126594543, 0.25667232275009155, 0.25733599066734314, 0.2547760605812073, 0.2561545670032501], "val_loss": [0.5624818205833435, 0.5193973779678345, 0.44392478466033936, 0.3827116787433624, 0.4165882468223572, 0.38653823733329773, 0.37603235244750977, 0.3650112450122833, 0.3380538523197174, 0.4653763771057129, 0.35044968128204346, 0.34610459208488464, 0.3483763635158539, 0.32712024450302124, 0.40128225088119507, 0.33338698744773865, 0.36788997054100037, 0.3056374192237854, 0.2994105815887451, 0.3471848964691162, 0.3466116487979889, 0.33829039335250854, 0.3679223656654358, 0.30540230870246887, 0.31834763288497925, 0.2984541058540344, 0.2969352602958679, 0.45501163601875305, 0.29937997460365295, 0.3011532723903656, 0.3210536241531372, 0.3412120044231415, 0.31635531783103943, 0.2827189862728119, 0.2896285355091095, 0.3548354506492615, 0.29106801748275757, 0.3762434124946594, 0.35547447204589844, 0.2845850884914398, 0.2835483253002167, 0.30550408363342285, 0.27763602137565613, 0.28878721594810486, 0.37813857197761536, 0.28955399990081787, 0.3194241523742676, 0.2853827476501465, 0.2759037911891937, 0.286670446395874, 0.27965155243873596, 0.30231526494026184, 0.3066098988056183, 0.3341495394706726, 0.2950642704963684, 0.28197115659713745, 0.29676541686058044, 0.33135005831718445, 0.287208616733551]}