{"loss": [0.6027587056159973, 0.42823097109794617, 0.3720780909061432, 0.3935941159725189, 0.3322661519050598, 0.3269844353199005, 0.33787134289741516, 0.3165743350982666, 0.30599987506866455, 0.30151382088661194, 0.3053499460220337, 0.30024752020835876, 0.30367806553840637, 0.29802313446998596, 0.2916411757469177, 0.2975565493106842, 0.28581735491752625, 0.2846945822238922, 0.30523067712783813, 0.28127285838127136, 0.2764226198196411, 0.2738837003707886, 0.2715844213962555, 0.27264800667762756, 0.6126342415809631, 0.281554639339447, 0.27725356817245483, 0.27274656295776367, 0.26979637145996094, 0.26559868454933167, 0.25986215472221375, 0.2609497010707855, 0.2571365237236023, 0.2533770799636841, 0.2509932816028595, 0.25650307536125183, 0.25520777702331543, 0.24477970600128174, 0.25163620710372925, 0.24359546601772308, 0.2554677128791809, 0.24212980270385742, 0.24223878979682922, 0.2408418506383896, 0.24963653087615967], "val_loss": [0.3988581597805023, 0.3662577271461487, 0.35126858949661255, 0.32037821412086487, 0.34285005927085876, 0.31044846773147583, 0.31276968121528625, 0.33146151900291443, 0.30736440420150757, 0.3016699254512787, 0.30348941683769226, 0.3155097961425781, 0.32388970255851746, 0.29300418496131897, 0.30407705903053284, 0.29045888781547546, 0.30607324838638306, 0.28459733724594116, 0.31915250420570374, 0.2833445966243744, 0.2876865267753601, 0.3006461262702942, 0.27839744091033936, 0.3019855320453644, 0.3321499228477478, 0.3099815249443054, 0.28828316926956177, 0.2895357310771942, 0.31207704544067383, 0.2827399671077728, 0.2829310894012451, 0.2836780846118927, 0.2741919159889221, 0.28982970118522644, 0.2720116972923279, 0.27582255005836487, 0.3070997893810272, 0.2742369771003723, 0.28121480345726013, 0.3059104084968567, 0.2745671570301056, 0.27976328134536743, 0.28233468532562256, 0.2908143699169159, 0.28072676062583923]}