{"loss": [0.22096653282642365, 0.21847425401210785, 0.21523138880729675, 0.21177488565444946, 0.21059924364089966, 0.219766303896904, 0.19753295183181763, 0.19413958489894867, 0.1884305328130722, 0.18881940841674805, 0.1886758804321289, 0.18145537376403809, 0.1808142513036728, 0.17735344171524048, 0.17858079075813293, 0.17211945354938507, 0.17089180648326874, 0.1647360622882843], "val_loss": [0.2979620695114136, 0.2818181812763214, 0.29095736145973206, 0.30935361981391907, 0.2853429317474365, 0.30836036801338196, 0.29514753818511963, 0.2788003385066986, 0.291684627532959, 0.29118290543556213, 0.34463730454444885, 0.3107702434062958, 0.29538676142692566, 0.34265708923339844, 0.3036603033542633, 0.3026672899723053, 0.2914586365222931, 0.2869243323802948]}